,fixing_date(floot),start_date(floot),end_date(floot),fixing_rate,fixing_date(fixed),start_date(fixed),end_date(fixed),fixed_rate
0,2018/8/8,2018/8/10,2018/11/10,0.02412337,1900/1/1,2018/8/10,2019/2/10,0.030052448
1,2018/11/8,2018/11/10,2019/2/10,0,1900/1/1,2019/2/10,2019/8/10,0.030052448
2,2019/2/8,2019/2/10,2019/5/10,0,1900/1/1,2019/8/10,2020/2/10,0.030052448
3,2019/5/8,2019/5/10,2019/8/10,0,1900/1/1,2020/2/10,2020/8/10,0.030052448
4,2019/8/8,2019/8/10,2019/11/10,0,1900/1/1,2020/8/10,2021/2/10,0.030052448
5,2019/11/8,2019/11/10,2020/2/10,0,1900/1/1,2021/2/10,2021/8/10,0.030052448
6,2020/2/8,2020/2/10,2020/5/10,0,1900/1/1,2021/8/10,2022/2/10,0.030052448
7,2020/5/8,2020/5/10,2020/8/10,0,1900/1/1,2022/2/10,2022/8/10,0.030052448
8,2020/8/8,2020/8/10,2020/11/10,0,1900/1/1,2022/8/10,2023/2/10,0.030052448
9,2020/11/8,2020/11/10,2021/2/10,0,1900/1/1,2023/2/10,2023/8/10,0.030052448
10,2021/2/8,2021/2/10,2021/5/10,0,1900/1/1,2023/8/10,2024/2/10,0.030052448
11,2021/5/8,2021/5/10,2021/8/10,0,1900/1/1,2024/2/10,2024/8/10,0.030052448
12,2021/8/8,2021/8/10,2021/11/10,0,1900/1/1,2024/8/10,2025/2/10,0.030052448
13,2021/11/8,2021/11/10,2022/2/10,0,1900/1/1,2025/2/10,2025/8/10,0.030052448
14,2022/2/8,2022/2/10,2022/5/10,0,1900/1/1,2025/8/10,2026/2/10,0.030052448
15,2022/5/8,2022/5/10,2022/8/10,0,1900/1/1,2026/2/10,2026/8/10,0.030052448
16,2022/8/8,2022/8/10,2022/11/10,0,1900/1/1,2026/8/10,2027/2/10,0.030052448
17,2022/11/8,2022/11/10,2023/2/10,0,1900/1/1,2027/2/10,2027/8/10,0.030052448
18,2023/2/8,2023/2/10,2023/5/10,0,1900/1/1,2027/8/10,2028/2/10,0.030052448
19,2023/5/8,2023/5/10,2023/8/10,0,1900/1/1,2028/2/10,2028/8/10,0.030052448
20,2023/8/8,2023/8/10,2023/11/10,0,,,,
21,2023/11/8,2023/11/10,2024/2/10,0,,,,
22,2024/2/8,2024/2/10,2024/5/10,0,,,,
23,2024/5/8,2024/5/10,2024/8/10,0,,,,
24,2024/8/8,2024/8/10,2024/11/10,0,,,,
25,2024/11/8,2024/11/10,2025/2/10,0,,,,
26,2025/2/8,2025/2/10,2025/5/10,0,,,,
27,2025/5/8,2025/5/10,2025/8/10,0,,,,
28,2025/8/8,2025/8/10,2025/11/10,0,,,,
29,2025/11/8,2025/11/10,2026/2/10,0,,,,
30,2026/2/8,2026/2/10,2026/5/10,0,,,,
31,2026/5/8,2026/5/10,2026/8/10,0,,,,
32,2026/8/8,2026/8/10,2026/11/10,0,,,,
33,2026/11/8,2026/11/10,2027/2/10,0,,,,
34,2027/2/8,2027/2/10,2027/5/10,0,,,,
35,2027/5/8,2027/5/10,2027/8/10,0,,,,
36,2027/8/8,2027/8/10,2027/11/10,0,,,,
37,2027/11/8,2027/11/10,2028/2/10,0,,,,
38,2028/2/8,2028/2/10,2028/5/10,0,,,,
39,2028/5/8,2028/5/10,2028/8/10,0,,,,