,fixing_date(fixed),start_date(fixed),end_date(fixed),fixed_rate,fixing_date(floot),start_date(floot),end_date(floot),fixing_rate
0,1900/1/1,2018/8/10,2019/2/10,0.030052448,2018/8/8,2018/8/10,2018/11/10,0.03
1,1900/1/1,2019/2/10,2019/8/10,0.030052448,2018/11/8,2018/11/10,2019/2/10,0
2,1900/1/1,2019/8/10,2020/2/10,0.030052448,2019/2/8,2019/2/10,2019/5/10,0
3,1900/1/1,2020/2/10,2020/8/10,0.030052448,2019/5/8,2019/5/10,2019/8/10,0
4,1900/1/1,2020/8/10,2021/2/10,0.030052448,2019/8/8,2019/8/10,2019/11/10,0
5,1900/1/1,2021/2/10,2021/8/10,0.030052448,2019/11/8,2019/11/10,2020/2/10,0
6,1900/1/1,2021/8/10,2022/2/10,0.030052448,2020/2/8,2020/2/10,2020/5/10,0
7,1900/1/1,2022/2/10,2022/8/10,0.030052448,2020/5/8,2020/5/10,2020/8/10,0
8,1900/1/1,2022/8/10,2023/2/10,0.030052448,2020/8/8,2020/8/10,2020/11/10,0
9,1900/1/1,2023/2/10,2023/8/10,0.030052448,2020/11/8,2020/11/10,2021/2/10,0
10,1900/1/1,2023/8/10,2024/2/10,0.030052448,2021/2/8,2021/2/10,2021/5/10,0
11,1900/1/1,2024/2/10,2024/8/10,0.030052448,2021/5/8,2021/5/10,2021/8/10,0
12,1900/1/1,2024/8/10,2025/2/10,0.030052448,2021/8/8,2021/8/10,2021/11/10,0
13,1900/1/1,2025/2/10,2025/8/10,0.030052448,2021/11/8,2021/11/10,2022/2/10,0
14,1900/1/1,2025/8/10,2026/2/10,0.030052448,2022/2/8,2022/2/10,2022/5/10,0
15,1900/1/1,2026/2/10,2026/8/10,0.030052448,2022/5/8,2022/5/10,2022/8/10,0
16,1900/1/1,2026/8/10,2027/2/10,0.030052448,2022/8/8,2022/8/10,2022/11/10,0
17,1900/1/1,2027/2/10,2027/8/10,0.030052448,2022/11/8,2022/11/10,2023/2/10,0
18,1900/1/1,2027/8/10,2028/2/10,0.030052448,2023/2/8,2023/2/10,2023/5/10,0
19,1900/1/1,2028/2/10,2028/8/10,0.030052448,2023/5/8,2023/5/10,2023/8/10,0
20,,,,,2023/8/8,2023/8/10,2023/11/10,0
21,,,,,2023/11/8,2023/11/10,2024/2/10,0
22,,,,,2024/2/8,2024/2/10,2024/5/10,0
23,,,,,2024/5/8,2024/5/10,2024/8/10,0
24,,,,,2024/8/8,2024/8/10,2024/11/10,0
25,,,,,2024/11/8,2024/11/10,2025/2/10,0
26,,,,,2025/2/8,2025/2/10,2025/5/10,0
27,,,,,2025/5/8,2025/5/10,2025/8/10,0
28,,,,,2025/8/8,2025/8/10,2025/11/10,0
29,,,,,2025/11/8,2025/11/10,2026/2/10,0
30,,,,,2026/2/8,2026/2/10,2026/5/10,0
31,,,,,2026/5/8,2026/5/10,2026/8/10,0
32,,,,,2026/8/8,2026/8/10,2026/11/10,0
33,,,,,2026/11/8,2026/11/10,2027/2/10,0
34,,,,,2027/2/8,2027/2/10,2027/5/10,0
35,,,,,2027/5/8,2027/5/10,2027/8/10,0
36,,,,,2027/8/8,2027/8/10,2027/11/10,0
37,,,,,2027/11/8,2027/11/10,2028/2/10,0
38,,,,,2028/2/8,2028/2/10,2028/5/10,0
39,,,,,2028/5/8,2028/5/10,2028/8/10,0